id	judge	grid	clue_1a	answer_1a	appearances	state	note
cwf-01	judge1924-11-01 (No. 1)		A snake—name isn't Helen.	COBRA	Boston Globe 1925-01-21	in-judge	reprint
cwf-02	judge1924-11-08 (No. 2)		What your wife is to you.	ON	Boston Globe 1925-01-23; The Province (Vancouver) 1925-01-31	in-judge	reprint
cwf-03	judge1924-12-06 (No. 6)	irregular (face)	If you're blind, you just can't do it.	SEE	Boston Globe 1925-01-27	need-ocr	reprint; No. 6 itself isn't harvested yet
cwf-04	judge1924-12-20 (No. 8)	13x13	What kind of music is snoring?	SHEET	Boston Globe 1925-01-30	in-judge	reprint
cwf-05				LOVING	Boston Globe 1925-02-03	need-image	not a numbered Judge puzzle
cwf-06			A bird favored by sailors and old maids	(6)	Buffalo Courier 1925-02-07; a Fremont, Nebraska paper 1925-02-07; St. Joseph Gazette 1925-02-07 (grid only: printed with cwf-08's clues)	need-image	US schedule
cwf-07			Drawn together with a string	(5)	Hamilton Spectator 1925-02-07; The Province (Vancouver) 1925-02-07	need-image	Canadian schedule
cwf-08			A champion who doesn't dig up turf	(6)	Hamilton Spectator 1925-02-14; St. Joseph Gazette 1925-02-07 (clues only, under cwf-06's grid)	need-image
cwf-09				DENSE	Boston Globe 1925-02-10	need-image	not a numbered Judge puzzle
cwf-10			2-Across: State that sounds like a butterfly's way (Middle West pronunciation)	IOWA	Boston Globe 1925-02-14	need-image	the grid has no 1-Across
cwf-11				DANCE	Boston Globe 1925-02-21	need-image	not a numbered Judge puzzle
cwf-12			The one who always picks a winner at the track	(5)	Boston Globe 1925-02-28	need-image	not a numbered Judge puzzle
